{"cameraMode":{"drawMode":0,"name":"Shaded","section":"Shading Mode"},"sceneLighting":true,"audioPlay":false,"sceneViewState":{"m_AlwaysRefresh":false,"showFog":true,"showSkybox":true,"showFlares":true,"showImageEffects":true,"showParticleSystems":true,"showVisualEffectGraphs":true,"m_FxEnabled":true},"in2DMode":false,"pivot":{"x":-8.487602233886719,"y":1.384652853012085,"z":7.510093688964844},"rotation":{"x":0.044345978647470477,"y":-0.32774966955184939,"z":0.015876520425081254,"w":0.9437530040740967},"size":7.1571736335754398,"orthographic":false}